"PID","Task Design","Trial","Block","Helper Policy","Effort Intended","Effort Actual","Helper Effort","RT Effort Decision (ms)","RT Satisfaction Rating (ms)","RT Trust Rating (ms)","Satisfaction Rating","Trust Rating","Points For Helper","Points For Help-Seeker","Self Prediction Error","Points Inequality"
"LE1","CUC",1,1,"CARING",3,3,3,,28396,9001,5,4,8,12,0,4
"LE1","CUC",2,1,"CARING",3,3,3,7231,7713,1826,5,4,8,12,0,4
"LE1","CUC",3,1,"CARING",4,4,4,8214,3332,8402,6,5,16,20,0,4
"LE1","CUC",4,1,"CARING",3,3,4,16315,3005,19867,6,5,10,18,0,8
"LE1","CUC",5,1,"CARING",4,4,3,5665,31970,85150,3,4,14,14,0,0
"LE1","CUC",6,1,"CARING",3,4,4,5264,18036,28836,5,5,16,20,1,4
"LE1","CUC",7,1,"CARING",3,3,4,71786,17075,20868,2,5,10,18,0,8
"LE1","CUC",8,1,"CARING",4,4,3,6463,3948,7128,3,5,14,14,0,0
"LE1","CUC",9,1,"CARING",3,3,4,11142,17834,7128,3,5,10,18,0,8
"LE1","CUC",10,2,"UNCARING",3,3,2,,3225,7120,3,3,6,-20,0,-26
"LE1","CUC",11,2,"UNCARING",2,2,3,48483,11802,53280,3,4,-4,10,0,14
"LE1","CUC",12,2,"UNCARING",3,3,2,4427,28975,4360,3,2,6,-20,0,-26
"LE1","CUC",13,2,"UNCARING",2,2,4,16564,41866,46230,3,3,-8,16,0,24
"LE1","CUC",14,2,"UNCARING",3,3,2,15386,30059,5648,4,3,6,-20,0,-26
"LE1","CUC",15,2,"UNCARING",2,2,2,8029,2238,29936,5,1,-2,-5,0,-3
"LE1","CUC",16,2,"UNCARING",2,2,2,6349,3767,3991,5,1,-2,-5,0,-3
"LE1","CUC",17,2,"UNCARING",2,2,2,7115,2367,3308,5,1,-2,-5,0,-3
"LE1","CUC",18,2,"UNCARING",2,2,2,4609,1921,1109,6,1,-2,-5,0,-3
"LE1","CUC",19,2,"UNCARING",2,2,2,7269,1883,1718,6,1,-2,-5,0,-3
"LE1","CUC",20,3,"CARING",3,4,4,,5889,1765,3,4,16,20,1,4
"LE1","CUC",21,3,"CARING",3,4,3,62128,2886,6420,4,4,14,14,1,0
"LE1","CUC",22,3,"CARING",3,3,4,5679,41715,13110,3,4,10,18,0,8
"LE1","CUC",23,3,"CARING",4,3,3,5560,3476,2148,4,4,8,12,-1,4
"LE1","CUC",24,3,"CARING",4,4,4,41207,1885,6631,6,5,16,20,0,4
"LE1","CUC",25,3,"CARING",4,2,4,4937,95956,1229,6,5,-8,16,-2,24
"LE1","CUC",26,3,"CARING",4,2,3,6696,27466,35283,6,6,-4,10,-2,14
"LE1","CUC",27,3,"CARING",4,3,3,2781,2097,2485,6,6,8,12,-1,4
"LE1","CUC",28,3,"CARING",4,4,3,7047,16704,1281,6,6,14,14,0,0
"LE1","CUC",29,3,"CARING",4,4,4,3861,1642,1212,6,6,16,20,0,4
"LE1","CUC",30,3,"CARING",4,3,4,7828,1299,775,6,6,10,18,-1,8
"LE1","CUC",31,3,"CARING",4,4,4,4556,6218,1209,6,6,16,20,0,4
"LE2","CUU",1,1,"CARING",2,2,3,,16025,13632,3,3,-4,10,0,14
"LE2","CUU",2,1,"CARING",3,1,3,28523,70555,30157,3,3,-8,8,-2,16
"LE2","CUU",3,1,"CARING",3,3,2,35584,53989,3975,2,2,6,-20,0,-26
"LE2","CUU",4,1,"CARING",1,1,4,7799,7317,8756,4,4,-12,14,0,26
"LE2","CUU",5,1,"CARING",3,3,2,28654,2374,3236,1,2,6,-20,0,-26
"LE2","CUU",6,1,"CARING",1,1,4,82683,2268,14970,4,3,-12,14,0,26
"LE2","CUU",7,1,"CARING",4,4,3,57941,1114,3228,5,4,14,14,0,0
"LE2","CUU",8,1,"CARING",4,4,4,14826,1723,1481,6,5,16,20,0,4
"LE2","CUU",9,1,"CARING",3,1,4,12088,12965,12728,4,5,-12,14,-2,26
"LE2","CUU",10,1,"CARING",4,4,2,16726,18450,3880,1,2,12,-35,0,-47
"LE2","CUU",11,2,"UNCARING",2,2,2,,12476,3960,4,4,-2,-5,0,-3
"LE2","CUU",12,2,"UNCARING",3,3,3,9716,3453,3060,4,4,8,12,0,4
"LE2","CUU",13,2,"UNCARING",3,3,3,6592,10435,2746,5,5,8,12,0,4
"LE2","CUU",14,2,"UNCARING",3,3,3,45165,7090,5379,5,5,8,12,0,4
"LE2","CUU",15,2,"UNCARING",3,3,3,10403,5922,2548,5,5,8,12,0,4
"LE2","CUU",16,2,"UNCARING",4,4,2,5016,8738,6339,3,3,12,-35,0,-47
"LE2","CUU",17,2,"UNCARING",4,4,3,16742,1608,5074,4,4,14,14,0,0
"LE2","CUU",18,2,"UNCARING",3,3,2,10253,27323,6752,2,3,6,-20,0,-26
"LE2","CUU",19,2,"UNCARING",3,4,2,6324,20814,3392,2,2,12,-35,1,-47
"LE2","CUU",20,2,"UNCARING",1,1,2,7189,11481,5175,1,2,-6,0,0,6
"LE2","CUU",21,2,"UNCARING",2,2,1,9209,29878,2724,2,1,0,-20,0,-20
"LE2","CUU",22,2,"UNCARING",1,2,2,4217,1345,1836,1,1,-2,-5,1,-3
"LE2","CUU",23,3,"UNCARING",3,3,3,,3914,80865,3,4,6,-20,0,-26
"LE2","CUU",24,3,"UNCARING",3,1,3,4146,1432,1543,4,4,-8,8,-2,16
"LE2","CUU",25,3,"UNCARING",3,3,1,7589,3297,2584,2,2,4,-35,0,-39
"LE2","CUU",26,3,"UNCARING",3,3,3,33875,1964,2616,4,3,8,12,0,4
"LE2","CUU",27,3,"UNCARING",4,4,3,44217,4680,2092,4,4,14,14,0,0
"LE2","CUU",28,3,"UNCARING",4,4,4,6692,1635,1861,5,4,16,20,0,4
"LE2","CUU",29,3,"UNCARING",4,4,2,36435,2369,4040,1,2,12,-35,0,-47
"LE2","CUU",30,3,"UNCARING",1,3,2,4293,18693,1294,1,1,6,-20,2,-26
"LE2","CUU",31,3,"UNCARING",1,1,2,3259,1297,782,1,1,-6,0,0,6
"LE2","CUU",32,3,"UNCARING",2,2,1,7264,19474,860,1,1,0,-20,0,-20
"LE2","CUU",33,3,"UNCARING",2,3,2,15621,1493,975,1,1,6,-20,1,-26
"S04","RANDOM",1,1,"RANDOM",2,2,2,,,,3,4,-2,-5,0,-3
"S04","RANDOM",2,1,"RANDOM",4,4,1,,,,1,2,10,-50,0,-60
"S04","RANDOM",3,1,"RANDOM",4,2,4,,,,4,4,-8,16,-2,24
"S04","RANDOM",4,1,"RANDOM",3,3,2,,,,2,3,6,-20,0,-26
"S04","RANDOM",5,1,"RANDOM",2,2,1,,,,1,2,0,-20,0,-20
"S04","RANDOM",6,1,"RANDOM",2,4,1,,,,1,2,10,-50,2,-60
"S04","RANDOM",7,1,"RANDOM",1,1,2,,,,3,2,-6,0,0,6
"S04","RANDOM",8,1,"RANDOM",4,4,4,,,,4,3,16,20,0,4
"S04","RANDOM",9,1,"RANDOM",4,3,2,,,,1,2,6,-20,-1,-26
"S04","RANDOM",10,2,"RANDOM",4,4,2,,,,2,3,12,-35,0,-47
"S04","RANDOM",11,2,"RANDOM",4,4,2,,,,1,2,12,-35,0,-47
"S04","RANDOM",12,2,"RANDOM",3,3,2,,,,2,2,6,-20,0,-26
"S04","RANDOM",13,2,"RANDOM",1,1,3,,,,3,2,-8,8,0,16
"S04","RANDOM",14,2,"RANDOM",1,1,3,,,,4,3,-8,8,0,16
"S04","RANDOM",15,2,"RANDOM",3,1,3,,,,4,4,-8,8,-2,16
"S04","RANDOM",16,2,"RANDOM",4,4,4,,,,5,4,16,20,0,4
"S04","RANDOM",17,2,"RANDOM",4,3,3,,,,5,4,8,12,-1,4
"S04","RANDOM",18,2,"RANDOM",4,4,2,,,,3,4,12,-35,0,-47
"S04","RANDOM",19,2,"RANDOM",3,1,3,,,,4,4,-8,8,-2,16
"S04","RANDOM",20,2,"RANDOM",4,3,4,,,,5,4,10,18,-1,8
"S04","RANDOM",21,2,"RANDOM",4,4,4,,,,5,4,16,20,0,4
"S04","RANDOM",22,3,"RANDOM",4,4,1,,,,2,3,10,-50,0,-60
"S04","RANDOM",23,3,"RANDOM",2,3,2,,,,2,3,6,-20,1,-26
"S04","RANDOM",24,3,"RANDOM",1,2,1,,,,1,2,0,-20,1,-20
"S04","RANDOM",25,3,"RANDOM",1,3,3,,,,3,2,8,12,2,4
"S04","RANDOM",26,3,"RANDOM",1,1,2,,,,1,2,-6,0,0,6
"S04","RANDOM",27,3,"RANDOM",1,1,3,,,,3,2,-8,8,0,16
"S04","RANDOM",28,3,"RANDOM",1,1,4,,,,4,2,-12,14,0,26
"S04","RANDOM",29,3,"RANDOM",4,2,3,,,,4,3,-4,10,-2,14
"S06","RANDOM",1,1,"RANDOM",1,1,4,,,,3,6,-12,14,0,26
"S06","RANDOM",2,1,"RANDOM",4,4,2,,,,1,2,12,-35,0,-47
"S06","RANDOM",3,1,"RANDOM",3,3,4,,,,6,6,10,18,0,8
"S06","RANDOM",4,1,"RANDOM",2,4,1,,,,1,1,10,-50,2,-60
"S06","RANDOM",5,1,"RANDOM",2,2,4,,,,3,5,-8,16,0,24
"S06","RANDOM",6,1,"RANDOM",3,1,2,,,,2,2,-6,0,-2,6
"S06","RANDOM",7,1,"RANDOM",4,4,3,,,,5,4,14,14,0,0
"S06","RANDOM",8,1,"RANDOM",1,1,1,,,,6,1,-4,-10,0,-6
"S06","RANDOM",9,1,"RANDOM",2,3,1,,,,2,1,4,-35,1,-39
"S06","RANDOM",10,1,"RANDOM",4,2,2,,,,3,2,-2,-5,-2,-3
"S06","RANDOM",11,1,"RANDOM",3,3,2,,,,3,2,6,-20,0,-26
"S06","RANDOM",12,1,"RANDOM",4,3,3,,,,4,4,8,12,-1,4
"S06","RANDOM",13,2,"RANDOM",1,1,1,,,,4,1,-4,-10,0,-6
"S06","RANDOM",14,2,"RANDOM",1,2,3,,,,3,3,-4,10,1,14
"S06","RANDOM",15,2,"RANDOM",1,2,4,,,,3,5,-8,16,1,24
"S06","RANDOM",16,2,"RANDOM",4,4,1,,,,1,1,10,-50,0,-60
"S06","RANDOM",17,2,"RANDOM",3,3,3,,,,4,4,8,12,0,4
"S06","RANDOM",18,2,"RANDOM",4,4,3,,,,4,4,14,14,0,0
"S06","RANDOM",19,2,"RANDOM",1,1,3,,,,2,5,-8,8,0,16
"S06","RANDOM",20,2,"RANDOM",2,3,3,,,,5,4,8,12,1,4
"S06","RANDOM",21,2,"RANDOM",4,3,3,,,,5,5,8,12,-1,4
"S06","RANDOM",22,2,"RANDOM",4,4,1,,,,1,1,10,-50,0,-60
"S06","RANDOM",23,2,"RANDOM",4,2,3,,,,5,2,-4,10,-2,14
"S06","RANDOM",24,2,"RANDOM",2,2,1,,,,4,1,0,-20,0,-20
"S06","RANDOM",25,3,"RANDOM",4,4,4,,,,4,4,16,20,0,4
"S06","RANDOM",26,3,"RANDOM",4,4,2,,,,2,3,12,-35,0,-47
"S06","RANDOM",27,3,"RANDOM",3,1,4,,,,3,4,-12,14,-2,26
"S06","RANDOM",28,3,"RANDOM",3,3,3,,,,5,4,8,12,0,4
"S06","RANDOM",29,3,"RANDOM",4,4,4,,,,6,5,16,20,0,4
"S06","RANDOM",30,3,"RANDOM",4,4,3,,,,4,5,14,14,0,0
"S06","RANDOM",31,3,"RANDOM",3,2,3,,,,5,5,-4,10,-1,14
"S06","RANDOM",32,3,"RANDOM",3,3,2,,,,3,3,6,-20,0,-26
"S06","RANDOM",33,3,"RANDOM",2,2,2,,,,2,3,-2,-5,0,-3
"S06","RANDOM",34,3,"RANDOM",1,4,1,,,,1,1,10,-50,3,-60
"S08","RANDOM",1,1,"RANDOM",3,3,3,,,,5,4,8,12,0,4
"S08","RANDOM",2,1,"RANDOM",4,4,1,,,,1,2,10,-50,0,-60
"S08","RANDOM",3,1,"RANDOM",1,1,3,,,,4,5,-8,8,0,16
"S08","RANDOM",4,1,"RANDOM",2,1,3,,,,4,5,-8,8,-1,16
"S08","RANDOM",5,1,"RANDOM",2,2,4,,,,5,5,-8,16,0,24
"S08","RANDOM",6,1,"RANDOM",4,1,2,,,,2,3,-6,0,-3,6
"S08","RANDOM",7,1,"RANDOM",4,4,3,,,,4,4,14,14,0,0
"S08","RANDOM",8,1,"RANDOM",3,3,2,,,,1,2,6,-20,0,-26
"S08","RANDOM",9,1,"RANDOM",1,1,1,,,,1,2,-4,-10,0,-6
"S08","RANDOM",10,2,"RANDOM",4,4,2,,,,1,2,12,-35,0,-47
"S08","RANDOM",11,2,"RANDOM",2,1,2,,,,3,2,-6,0,-1,6
"S08","RANDOM",12,2,"RANDOM",2,2,2,,,,1,2,-2,-5,0,-3
"S08","RANDOM",13,2,"RANDOM",1,1,4,,,,4,4,-12,14,0,26
"S08","RANDOM",14,2,"RANDOM",2,2,4,,,,5,4,-8,16,0,24
"S08","RANDOM",15,2,"RANDOM",3,2,2,,,,4,4,-2,-5,-1,-3
"S08","RANDOM",16,2,"RANDOM",3,2,1,,,,2,2,0,-20,-1,-20
"S08","RANDOM",17,2,"RANDOM",3,3,1,,,,1,2,4,-35,0,-39
"S08","RANDOM",18,2,"RANDOM",3,2,3,,,,4,3,-4,10,-1,14
"S08","RANDOM",19,2,"RANDOM",3,2,4,,,,4,3,-8,16,-1,24
"S08","RANDOM",20,2,"RANDOM",4,4,2,,,,1,2,12,-35,0,-47
"S08","RANDOM",21,3,"RANDOM",4,4,2,,,,3,3,12,-35,0,-47
"S08","RANDOM",22,3,"RANDOM",3,4,4,,,,6,5,16,20,1,4
"S08","RANDOM",23,3,"RANDOM",4,4,1,,,,1,2,10,-50,0,-60
"S08","RANDOM",24,3,"RANDOM",3,2,1,,,,1,2,0,-20,-1,-20
"S08","RANDOM",25,3,"RANDOM",2,2,2,,,,1,2,-2,-5,0,-3
"S08","RANDOM",26,3,"RANDOM",2,4,3,,,,1,2,14,14,2,0
"S08","RANDOM",27,3,"RANDOM",3,4,4,,,,4,4,16,20,1,4
"S08","RANDOM",28,3,"RANDOM",3,3,4,,,,4,4,10,18,0,8
"S08","RANDOM",29,3,"RANDOM",3,1,4,,,,3,4,-12,14,-2,26
"S08","RANDOM",30,3,"RANDOM",2,4,4,,,,4,4,16,20,2,4
"S09","RANDOM",1,1,"RANDOM",4,4,4,,,,6,5,16,20,0,4
"S09","RANDOM",2,1,"RANDOM",4,4,2,,,,4,3,12,-35,0,-47
"S09","RANDOM",3,1,"RANDOM",4,4,3,,,,3,3,14,14,0,0
"S09","RANDOM",4,1,"RANDOM",3,1,2,,,,3,1,-6,0,-2,6
"S09","RANDOM",5,1,"RANDOM",3,3,2,,,,2,1,6,-20,0,-26
"S09","RANDOM",6,1,"RANDOM",2,2,3,,,,3,2,-4,10,0,14
"S09","RANDOM",7,1,"RANDOM",3,1,4,,,,1,2,-12,14,-2,26
"S09","RANDOM",8,1,"RANDOM",3,3,1,,,,1,1,4,-35,0,-39
"S09","RANDOM",9,1,"RANDOM",2,2,4,,,,1,1,-8,16,0,24
"S09","RANDOM",10,1,"RANDOM",2,1,3,,,,1,2,-8,8,-1,16
"S09","RANDOM",11,1,"RANDOM",3,2,1,,,,1,1,0,-20,-1,-20
"S09","RANDOM",12,2,"RANDOM",4,1,2,,,,6,3,-6,0,-3,6
"S09","RANDOM",13,2,"RANDOM",4,4,2,,,,3,3,12,-35,0,-47
"S09","RANDOM",14,2,"RANDOM",3,3,1,,,,2,1,4,-35,0,-39
"S09","RANDOM",15,2,"RANDOM",2,4,1,,,,1,1,10,-50,2,-60
"S09","RANDOM",16,2,"RANDOM",2,2,1,,,,4,1,0,-20,0,-20
"S09","RANDOM",17,2,"RANDOM",2,3,2,,,,4,1,6,-20,1,-26
"S09","RANDOM",18,2,"RANDOM",1,1,3,,,,4,1,-8,8,0,16
"S09","RANDOM",19,2,"RANDOM",2,4,3,,,,4,1,14,14,2,0
"S09","RANDOM",20,2,"RANDOM",2,2,1,,,,3,1,0,-20,0,-20
"S09","RANDOM",21,2,"RANDOM",1,1,4,,,,3,2,-12,14,0,26
"S09","RANDOM",22,3,"RANDOM",4,4,3,,,,5,5,14,14,0,0
"S09","RANDOM",23,3,"RANDOM",4,3,3,,,,5,5,8,12,-1,4
"S09","RANDOM",24,3,"RANDOM",4,1,2,,,,4,4,-6,0,-3,6
"S09","RANDOM",25,3,"RANDOM",4,4,4,,,,6,6,16,20,0,4
"S09","RANDOM",26,3,"RANDOM",4,4,2,,,,4,5,12,-35,0,-47
"S09","RANDOM",27,3,"RANDOM",4,4,3,,,,5,5,14,14,0,0
"S09","RANDOM",28,3,"RANDOM",4,3,3,,,,5,5,8,12,-1,4
"S09","RANDOM",29,3,"RANDOM",4,3,1,,,,3,3,4,-35,-1,-39
"S09","RANDOM",30,3,"RANDOM",3,3,3,,,,5,5,8,12,0,4
"S09","RANDOM",31,3,"RANDOM",4,2,3,,,,5,5,-4,10,-2,14
"S09","RANDOM",32,3,"RANDOM",4,4,4,,,,6,6,16,20,0,4
"S10","RANDOM",1,1,"RANDOM",3,1,4,,,,6,5,-12,14,-2,26
"S10","RANDOM",2,1,"RANDOM",2,2,1,,,,1,1,0,-20,0,-20
"S10","RANDOM",3,1,"RANDOM",1,1,1,,,,6,1,-4,-10,0,-6
"S10","RANDOM",4,1,"RANDOM",1,2,1,,,,1,6,0,-20,1,-20
"S10","RANDOM",5,1,"RANDOM",4,4,3,,,,6,6,14,14,0,0
"S10","RANDOM",6,1,"RANDOM",4,4,4,,,,6,6,16,20,0,4
"S10","RANDOM",7,1,"RANDOM",4,4,4,,,,6,6,16,20,0,4
"S10","RANDOM",8,1,"RANDOM",4,2,2,,,,3,4,-2,-5,-2,-3
"S10","RANDOM",9,2,"RANDOM",1,1,4,,,,4,4,-12,14,0,26
"S10","RANDOM",10,2,"RANDOM",1,1,4,,,,4,3,-12,14,0,26
"S10","RANDOM",11,2,"RANDOM",1,2,1,,,,1,6,0,-20,1,-20
"S10","RANDOM",12,2,"RANDOM",3,3,3,,,,6,4,8,12,0,4
"S10","RANDOM",13,2,"RANDOM",3,2,1,,,,1,2,0,-20,-1,-20
"S10","RANDOM",14,2,"RANDOM",4,3,1,,,,1,2,4,-35,-1,-39
"S10","RANDOM",15,2,"RANDOM",2,3,3,,,,3,3,8,12,1,4
"S10","RANDOM",16,2,"RANDOM",4,4,2,,,,1,1,12,-35,0,-47
"S10","RANDOM",17,2,"RANDOM",1,1,4,,,,6,1,-12,14,0,26
"S10","RANDOM",18,3,"RANDOM",4,2,1,,,,1,1,0,-20,-2,-20
"S10","RANDOM",19,3,"RANDOM",4,4,3,,,,4,4,14,14,0,0
"S10","RANDOM",20,3,"RANDOM",4,4,4,,,,6,4,16,20,0,4
"S10","RANDOM",21,3,"RANDOM",4,4,4,,,,5,5,16,20,0,4
"S10","RANDOM",22,3,"RANDOM",4,3,1,,,,3,4,4,-35,-1,-39
"S10","RANDOM",23,3,"RANDOM",4,4,1,,,,2,2,10,-50,0,-60
"S10","RANDOM",24,3,"RANDOM",4,4,2,,,,3,2,12,-35,0,-47
"S10","RANDOM",25,3,"RANDOM",1,3,3,,,,4,2,8,12,2,4
"S11","RANDOM",1,1,"RANDOM",3,2,3,,,,3,4,-4,10,-1,14
"S11","RANDOM",2,1,"RANDOM",3,3,2,,,,1,2,6,-20,0,-26
"S11","RANDOM",3,1,"RANDOM",2,3,3,,,,4,4,8,12,1,4
"S11","RANDOM",4,1,"RANDOM",4,4,3,,,,5,5,14,14,0,0
"S11","RANDOM",5,1,"RANDOM",4,4,3,,,,5,5,14,14,0,0
"S11","RANDOM",6,1,"RANDOM",2,2,2,,,,2,3,-2,-5,0,-3
"S11","RANDOM",7,1,"RANDOM",3,2,1,,,,1,1,0,-20,-1,-20
"S11","RANDOM",8,1,"RANDOM",3,4,1,,,,1,1,10,-50,1,-60
"S11","RANDOM",9,2,"RANDOM",4,3,2,,,,2,1,6,-20,-1,-26
"S11","RANDOM",10,2,"RANDOM",2,3,2,,,,1,1,6,-20,1,-26
"S11","RANDOM",11,2,"RANDOM",4,4,1,,,,1,1,10,-50,0,-60
"S11","RANDOM",12,2,"RANDOM",1,1,4,,,,4,2,-12,14,0,26
"S11","RANDOM",13,2,"RANDOM",1,2,1,,,,3,1,0,-20,1,-20
"S11","RANDOM",14,2,"RANDOM",2,2,2,,,,3,3,-2,-5,0,-3
"S11","RANDOM",15,2,"RANDOM",2,4,3,,,,5,4,14,14,2,0
"S11","RANDOM",16,2,"RANDOM",3,3,4,,,,5,5,10,18,0,8
"S11","RANDOM",17,2,"RANDOM",1,2,4,,,,5,4,-8,16,1,24
"S11","RANDOM",18,2,"RANDOM",2,2,1,,,,1,1,0,-20,0,-20
"S11","RANDOM",19,2,"RANDOM",1,2,3,,,,5,4,-4,10,1,14
"S11","RANDOM",20,2,"RANDOM",3,3,1,,,,1,1,4,-35,0,-39
"S11","RANDOM",21,3,"RANDOM",3,3,2,,,,1,2,6,-20,0,-26
"S11","RANDOM",22,3,"RANDOM",2,2,3,,,,4,4,-4,10,0,14
"S11","RANDOM",23,3,"RANDOM",3,1,3,,,,4,3,-8,8,-2,16
"S11","RANDOM",24,3,"RANDOM",2,4,2,,,,1,2,12,-35,2,-47
"S11","RANDOM",25,3,"RANDOM",2,4,2,,,,1,2,12,-35,2,-47
"S11","RANDOM",26,3,"RANDOM",2,2,1,,,,3,2,0,-20,0,-20
"S11","RANDOM",27,3,"RANDOM",4,4,4,,,,6,6,16,20,0,4
"S11","RANDOM",28,3,"RANDOM",3,2,3,,,,4,4,-4,10,-1,14
"S11","RANDOM",29,3,"RANDOM",3,4,4,,,,6,6,16,20,1,4
"S11","RANDOM",30,3,"RANDOM",3,3,3,,,,5,5,8,12,0,4
"S12","RANDOM",1,1,"RANDOM",3,1,1,,,,2,3,-4,-10,-2,-6
"S12","RANDOM",2,1,"RANDOM",2,3,3,,,,4,3,8,12,1,4
"S12","RANDOM",3,1,"RANDOM",3,3,1,,,,3,2,4,-35,0,-39
"S12","RANDOM",4,1,"RANDOM",4,4,4,,,,5,3,16,20,0,4
"S12","RANDOM",5,1,"RANDOM",1,1,2,,,,4,4,-6,0,0,6
"S12","RANDOM",6,1,"RANDOM",1,1,3,,,,5,5,-8,8,0,16
"S12","RANDOM",7,1,"RANDOM",4,3,1,,,,2,3,4,-35,-1,-39
"S12","RANDOM",8,1,"RANDOM",4,3,1,,,,1,1,4,-35,-1,-39
"S12","RANDOM",9,2,"RANDOM",3,3,4,,,,5,4,10,18,0,8
"S12","RANDOM",10,2,"RANDOM",3,2,4,,,,6,5,-8,16,-1,24
"S12","RANDOM",11,2,"RANDOM",4,3,2,,,,4,5,6,-20,-1,-26
"S12","RANDOM",12,2,"RANDOM",4,3,1,,,,3,3,4,-35,-1,-39
"S12","RANDOM",13,2,"RANDOM",3,3,2,,,,2,3,6,-20,0,-26
"S12","RANDOM",14,2,"RANDOM",1,2,1,,,,1,2,0,-20,1,-20
"S12","RANDOM",15,2,"RANDOM",2,2,1,,,,1,1,0,-20,0,-20
"S12","RANDOM",16,2,"RANDOM",1,1,4,,,,2,1,-12,14,0,26
"S12","RANDOM",17,2,"RANDOM",1,1,3,,,,4,3,-8,8,0,16
"S12","RANDOM",18,3,"RANDOM",4,3,4,,,,6,5,10,18,-1,8
"S12","RANDOM",19,3,"RANDOM",4,4,3,,,,5,5,14,14,0,0
"S12","RANDOM",20,3,"RANDOM",4,4,3,,,,6,6,14,14,0,0
"S12","RANDOM",21,3,"RANDOM",2,2,1,,,,3,4,0,-20,0,-20
"S12","RANDOM",22,3,"RANDOM",2,4,1,,,,2,3,10,-50,2,-60
"S12","RANDOM",23,3,"RANDOM",3,3,1,,,,2,2,4,-35,0,-39
"S12","RANDOM",24,3,"RANDOM",1,3,2,,,,3,3,6,-20,2,-26
"S12","RANDOM",25,3,"RANDOM",4,4,1,,,,1,2,10,-50,0,-60
"S13","RANDOM",1,1,"RANDOM",3,2,3,,,,4,5,-4,10,-1,14
"S13","RANDOM",2,1,"RANDOM",3,1,2,,,,3,4,-6,0,-2,6
"S13","RANDOM",3,1,"RANDOM",1,1,2,,,,3,4,-6,0,0,6
"S13","RANDOM",4,1,"RANDOM",2,1,4,,,,2,5,-12,14,-1,26
"S13","RANDOM",5,1,"RANDOM",3,3,2,,,,1,3,6,-20,0,-26
"S13","RANDOM",6,1,"RANDOM",2,2,2,,,,3,3,-2,-5,0,-3
"S13","RANDOM",7,1,"RANDOM",2,1,2,,,,4,3,-6,0,-1,6
"S13","RANDOM",8,1,"RANDOM",2,2,2,,,,3,3,-2,-5,0,-3
"S13","RANDOM",9,2,"RANDOM",2,2,3,,,,4,4,-4,10,0,14
"S13","RANDOM",10,2,"RANDOM",3,2,1,,,,3,3,0,-20,-1,-20
"S13","RANDOM",11,2,"RANDOM",1,1,1,,,,2,2,-4,-10,0,-6
"S13","RANDOM",12,2,"RANDOM",1,1,3,,,,4,3,-8,8,0,16
"S13","RANDOM",13,2,"RANDOM",1,1,1,,,,4,2,-4,-10,0,-6
"S13","RANDOM",14,2,"RANDOM",1,1,1,,,,4,2,-4,-10,0,-6
"S13","RANDOM",15,2,"RANDOM",1,1,3,,,,4,2,-8,8,0,16
"S13","RANDOM",16,2,"RANDOM",1,1,4,,,,3,3,-12,14,0,26
"S13","RANDOM",17,2,"RANDOM",2,2,4,,,,3,4,-8,16,0,24
"S13","RANDOM",18,2,"RANDOM",3,3,2,,,,3,3,6,-20,0,-26
"S13","RANDOM",19,2,"RANDOM",2,1,2,,,,4,4,-6,0,-1,6
"S13","RANDOM",20,3,"RANDOM",2,2,1,,,,2,3,0,-20,0,-20
"S13","RANDOM",21,3,"RANDOM",2,4,4,,,,6,5,16,20,2,4
"S13","RANDOM",22,3,"RANDOM",3,3,3,,,,6,4,8,12,0,4
"S13","RANDOM",23,3,"RANDOM",3,4,4,,,,6,5,16,20,1,4
"S13","RANDOM",24,3,"RANDOM",3,3,1,,,,2,3,4,-35,0,-39
"S13","RANDOM",25,3,"RANDOM",2,2,3,,,,4,4,-4,10,0,14
"S13","RANDOM",26,3,"RANDOM",3,4,2,,,,2,2,12,-35,1,-47
"S13","RANDOM",27,3,"RANDOM",1,1,2,,,,4,3,-6,0,0,6
"S13","RANDOM",28,3,"RANDOM",2,3,1,,,,2,2,4,-35,1,-39
"S14","RANDOM",1,1,"RANDOM",3,4,1,,,,1,1,10,-50,1,-60
"S14","RANDOM",2,1,"RANDOM",2,2,4,,,,4,3,-8,16,0,24
"S14","RANDOM",3,1,"RANDOM",2,3,2,,,,3,2,6,-20,1,-26
"S14","RANDOM",4,1,"RANDOM",2,2,4,,,,4,2,-8,16,0,24
"S14","RANDOM",5,1,"RANDOM",2,2,3,,,,4,2,-4,10,0,14
"S14","RANDOM",6,1,"RANDOM",2,2,4,,,,3,3,-8,16,0,24
"S14","RANDOM",7,1,"RANDOM",3,3,1,,,,2,3,4,-35,0,-39
"S14","RANDOM",8,1,"RANDOM",2,1,3,,,,3,3,-8,8,-1,16
"S14","RANDOM",9,1,"RANDOM",2,2,4,,,,3,3,-8,16,0,24
"S14","RANDOM",10,2,"RANDOM",3,3,2,,,,3,3,6,-20,0,-26
"S14","RANDOM",11,2,"RANDOM",2,2,1,,,,2,2,0,-20,0,-20
"S14","RANDOM",12,2,"RANDOM",1,1,1,,,,4,1,-4,-10,0,-6
"S14","RANDOM",13,2,"RANDOM",1,1,2,,,,4,2,-6,0,0,6
"S14","RANDOM",14,2,"RANDOM",2,4,1,,,,1,1,10,-50,2,-60
"S14","RANDOM",15,2,"RANDOM",1,2,3,,,,3,2,-4,10,1,14
"S14","RANDOM",16,2,"RANDOM",1,1,1,,,,4,1,-4,-10,0,-6
"S14","RANDOM",17,2,"RANDOM",1,3,4,,,,2,2,10,18,2,8
"S14","RANDOM",18,2,"RANDOM",1,1,4,,,,4,2,-12,14,0,26
"S14","RANDOM",19,2,"RANDOM",1,3,4,,,,4,2,10,18,2,8
"S14","RANDOM",20,3,"RANDOM",2,2,3,,,,4,4,-4,10,0,14
"S14","RANDOM",21,3,"RANDOM",3,3,2,,,,3,3,6,-20,0,-26
"S14","RANDOM",22,3,"RANDOM",2,1,1,,,,4,3,-4,-10,-1,-6
"S14","RANDOM",23,3,"RANDOM",2,3,1,,,,3,3,4,-35,1,-39
"S14","RANDOM",24,3,"RANDOM",2,2,4,,,,4,4,-8,16,0,24
"S14","RANDOM",25,3,"RANDOM",3,4,3,,,,4,4,14,14,1,0
"S14","RANDOM",26,3,"RANDOM",3,3,1,,,,2,2,4,-35,0,-39
"S14","RANDOM",27,3,"RANDOM",2,2,3,,,,3,3,-4,10,0,14
"S15","RANDOM",1,1,"RANDOM",3,3,3,,,,5,5,8,12,0,4
"S15","RANDOM",2,1,"RANDOM",3,3,2,,,,3,3,6,-20,0,-26
"S15","RANDOM",3,1,"RANDOM",2,,,,,,4,3,,,-2,0
"S15","RANDOM",4,1,"RANDOM",3,3,4,,,,4,4,10,18,0,8
"S15","RANDOM",5,1,"RANDOM",3,4,2,,,,2,2,12,-35,1,-47
"S15","RANDOM",6,1,"RANDOM",3,1,4,,,,4,3,-12,14,-2,26
"S15","RANDOM",7,1,"RANDOM",3,4,1,,,,3,2,10,-50,1,-60
"S15","RANDOM",8,1,"RANDOM",2,4,2,,,,3,2,12,-35,2,-47
"S15","RANDOM",9,2,"RANDOM",3,3,1,,,,1,2,4,-35,0,-39
"S15","RANDOM",10,2,"RANDOM",3,3,4,,,,4,3,10,18,0,8
"S15","RANDOM",11,2,"RANDOM",2,3,4,,,,4,4,10,18,1,8
"S15","RANDOM",12,2,"RANDOM",4,4,3,,,,4,4,14,14,0,0
"S15","RANDOM",13,2,"RANDOM",4,3,3,,,,4,5,8,12,-1,4
"S15","RANDOM",14,2,"RANDOM",4,4,1,,,,2,3,10,-50,0,-60
"S15","RANDOM",15,2,"RANDOM",3,3,4,,,,5,4,10,18,0,8
"S15","RANDOM",16,2,"RANDOM",3,3,1,,,,2,3,4,-35,0,-39
"S15","RANDOM",17,2,"RANDOM",4,4,1,,,,1,2,10,-50,0,-60
"S15","RANDOM",18,3,"RANDOM",3,3,2,,,,3,3,6,-20,0,-26
"S15","RANDOM",19,3,"RANDOM",3,1,3,,,,2,4,-8,8,-2,16
"S15","RANDOM",20,3,"RANDOM",3,3,3,,,,5,5,8,12,0,4
"S15","RANDOM",21,3,"RANDOM",3,3,1,,,,2,2,4,-35,0,-39
"S15","RANDOM",22,3,"RANDOM",2,4,4,,,,5,5,16,20,2,4
"S15","RANDOM",23,3,"RANDOM",4,3,2,,,,4,3,6,-20,-1,-26
"S15","RANDOM",24,3,"RANDOM",3,2,3,,,,4,4,-4,10,-1,14
"S15","RANDOM",25,3,"RANDOM",4,4,1,,,,2,4,10,-50,0,-60
